[
  {
    "id": 1,
    "name": "Product 1",
    "description": "This is the first product.",
    "image": "/card.png",
    "price": 19.99
  },
  {
    "id": 2,
    "name": "Product 2",
    "description": "This is the second product.",
    "image": "/card.png",
    "price": 29.99
  },
  {
    "id": 4,
    "name": "Product 4",
    "description": "This is the third product.",
    "image": "/card.png",
    "price": 39.99
  },
  {
    "id": 5,
    "name": "Product 5",
    "description": "This is the fourth product.",
    "image": "/card.png",
    "price": 39.99
  },
  {
    "id": 6,
    "name": "Product 6",
    "description": "This is the fifth product.",
    "image": "/card.png",
    "price": 39.99
  }
]